code,symbol,name
15,НМ,Нанометр
112,Л; ДМ3,Литр; кубический дециметр
5,ДМ,Дециметр
431,ВЗЛЕТ. ПОСАДОК/ЧАС,Взлетов-посадок в час
435,МЛН КМ,Миллион километров
164,МКГ,Микрограмм
2543,КБИТ/С,Килобит в секунду
2545,МБИТ/С,Мегабит в секунду
2547,ГБИТ/С,Гигабит в секунду
2551,БАЙТ/С,Байт в секунду
2552,ГБАЙТ/С,Гигабайт в секунду
2554,ТБАЙТ,Терабайт
2555,ПБАЙТ,Петабайт
2557,ЗБАЙТ,Зеттабайт
2561,КБАЙТ/С,Килобайт в секунду
2571,МБАЙТ/С,Мегабайт в секунду
226,В.А,Вольт-ампер
2312,ГР/МИН,Грей в минуту
233,ГИГАКАЛ,Гигакалория
2541,БИТ/С,Бит в секунду
3135,ДЕЦИБЕЛ,Децибел
321,МЗВ,Миллизиверт
383,руб,Рубль
414,пасс.км,Пассажиро-километр
421,пасс. мест,Пассажирское место (пассажирских мест)
427,пасс.поток,Пассажиропоток
449,т.км,Тонно-километр
499,кг/с,Килограмм в секунду
509,км/сут,Километр в сутки
510,г/кВт.ч,Грамм на киловатт-час
511,кг/Гкал,Килограмм на гигакалорию
512,т.ном,Тонно-номер
513,авто т,Автотонна
514,т.тяги,Тонна тяги
515,дедвейт.т,Дедвейт-тонна
533,т пар/ч,Тонна пара в час
534,т/ч,Тонна в час
535,т/сут,Тонна в сутки
536,т/смен,Тонна в смену
539,чел.ч,Человеко-час
540,чел.дн,Человеко-день
320,МОЛЬ,Моль
5423,чел/год,Человек в год
545,посещ/смен,Посещение в смену
5451,посещ,Посещение
547,пар/смен,Пара в смену
552,т перераб/сут,Тонна переработки в сутки
554,ц перераб/сут,Центнер переработки в сутки
616,боб,Бобина
625,л.,Лист
626,100 л.,Сто листов
630,тыс станд. усл. кирп,Тысяча стандартных условных кирпичей
639,доз,Доза
642,ед,Единица
6421,ед/год,Единиц в год
6422,вызов,Вызов
6424,штамм,Штамм
657,изд,Изделие
661,канал,Канал
698,мест,Место
704,набор,Набор
728,пач,Пачка
730,20,Два десятка
732,10 пар,Десять пар
733,дюжина пар,Дюжина пар
734,посыл,Посылка
735,часть,Часть
737,дюжина рул,Дюжина рулонов
740,дюжина шт,Дюжина штук
744,%,Процент
745,элем,Элемент
746,промилле,"Промилле (0,1 процента)"
762,станц,Станция
736,РУЛ,Рулон
778,упак,Упаковка
780,дюжина упак,Дюжина упаковок
781,100 упак,Сто упаковок
792,чел,Человек
7923,Абонент,Абонент
797,100 шт,Сто штук
810,яч,Ячейка
812,ящ,Ящик
820,креп. спирта по массе,Крепость спирта по массе
821,креп. спирта по объему,Крепость спирта по объему
836,гол,Голова
8361,ос,Особь
839,компл,Комплект
840,секц,Секция
861,кг N,Килограмм азота
867,кг U,Килограмм урана
868,бут,Бутылка
870,ампул,Ампула
872,флак,Флакон
8751,кор,Коробка
876,усл. ед,Условная единица
879,усл. шт,Условная штука
881,усл. банк,Условная банка
884,усл. кус,Условный кусок
887,усл. ящ,Условный ящик
889,усл. кат,Условная катушка
891,усл. плит,Условная плитка
893,усл. кирп,Условный кирпич
896,семей,Семья
899,домхоз,Домохозяйство
904,раб. мест,Рабочее место
906,посад. мест,Посадочное место
908,ном,Номер
909,квартира,Квартира
911,коек,Койка
913,том книжн. фонд,Том книжного фонда
915,усл. рем,Условный ремонт
916,усл. рем/год,Условный ремонт в год
917,смен,Смена
918,л. авт,Лист авторский
920,л. печ,Лист печатный
921,л. уч.-изд,Лист учетно-издательский
922,знак,Знак
923,слово,Слово
924,символ,Символ
9245,запись,Запись
9246,докум,Документ
925,усл. труб,Условная труба
9491,лист. оттиск,Лист-оттиск
950,ваг (маш).дн,Вагоно (машино)-день
9501,ваг (маш) ч,Вагоно (машино)-час
954,ваг.сут,Вагоно-сутки
959,автомоб.дн,Автомобиле-день
9642,балл,Балл
9805,доллар за тонну,Доллар за тонну
983,суд.сут,Судо-сутки
984,ц/га,Центнеров с гектара
989,чел/ч,Человек в час
990,пасс/ч,Пассажиров в час
991,пасс. миля,Пассажиро-миля
9910,МЕ,Международная единица биологической активности
9911,тыс. МЕ,Тысяча международных единиц биологической активности
9912,млн. МЕ,Миллион международных единиц биологической активности
9913,МЕ/г,Международная единица биологической активности на грамм
9914,тыс. МЕ/г,Тысяча международных единиц биологической активности на грамм
9915,млн. МЕ/г,Миллион международных единиц биологической активности на грамм
9916,МЕ/мл,Международная единица биологической активности на миллилитр
9917,тыс. МЕ/мл,Тысяча международных единиц биологической активности на миллилитр
9918,млн. МЕ/мл,Миллион международных единиц биологической активности на миллилитр
9920,ЕД,Единица действия биологической активности
9922,тыс. ЕД/г,Тысяча единиц действия биологической активности на грамм
9923,ЕД/мкл,Единица действия биологической активности на микролитр
9924,ЕД/мл,Единица действия биологической активности на миллилитр
9925,тыс. ЕД/мл,Тысяча единиц действия биологической активности на миллилитр
9926,млн. ЕД/мл,Миллион единиц действия биологической активности на миллилитр
9927,ЕД/сут,Единица действия биологической активности в сутки
9930,АЕ,Антитоксическая единица
9931,тыс. АЕ,Тысяча антитоксических единиц
9940,АТрЕ,Антитрипсиновая единица
9941,тыс. АТрЕ,Тысяча антитрипсиновых единиц
9950,ИР,Индекс Реактивности
9951,ИР/мл,Индекс Реактивности на миллилитр
9960,кБк/мл,Килобеккерель на миллилитр
9961,МБк/мл,Мегабеккерель на миллилитр
9970,КИЕ/мл,Калликреиновая ингибирующая единица на миллилитр
2581,ЭРЛАНГ,Эрланг
276,ГР,Грей
9980,млн. КОЕ,Миллион колониеобразующих единиц
9981,млн. КОЕ/пакет,Миллион колониеобразующих единиц на пакет
9982,млрд. КОЕ,Миллиард колониеобразующих единиц
9983,ПЕ,Протеолитическая единица
9985,Мкг/мл,Микрограмм на миллилитр
9987,Мкг/ч,Микрограмм в час
9988,Мкг/доза,Микрограмм на дозу
9991,ммоль/л,Миллимоль на литр
350,ПС,Пикосекунда
351,НС,Наносекунда
747,БП,Базисный пункт
3181,ЧЕЛ.-ЗВ,Человеко-зиверт
341,КГ У.Т./ГКАЛ,Килограмм условного топлива на гигакалорию
9823,МЛРД ЕВРО,Миллиард евро
3231,БК/М3,Беккерель на метр кубический
426,Пар Груз Поезд/Сут,Пар грузовых поездов в сутки
3841,ТЫС РУБ/ЧЕЛ,Тысяча рублей на человека
9822,МЛН ЕВРО,Миллион евро
277,МКГР,Микрогрей
278,МЛГР,Миллигрей
279,КИЛОГР,Килогрей
293,ГИГАГЦ,Гигагерц
295,ТЕРАГЦ,Терагерц
303,КИЛОБК,Килобеккерель
307,МЕГАБК,Мегабеккерель
340,Г У.Т./КВТ*Ч,Грамм условного топлива на киловатт-час
428,М3 * КМ,Кубический метр-километр
430,МЛН М3 * КМ,Миллион кубических метров-километров
452,МЛРД Т * КМ,Миллиард тонно-километров
508,ТЫС М3/Ч,Тысяча метров кубических в час
518,М2/чел,Квадратных метров на человека
5401,ДЕТ ДН,Дето-день
9061,МЛН ГА,Миллион гектаров
9062,МЛРД ГА,Миллиард гектаров
9557,МЛН ГОЛ,Миллион голов
9641,ЛЕТН Ч,Летный час
9986,МГК/СУТ,Микрограмм в сутки
9802,МЛН ДОЛЛАР,Миллион долларов
987,МЛН КРАСК ОТТИСК,Миллион краско-оттисков
9921,ЕД/Г,Единица биологической активности на грамм
9962,МЕГАБК/М2,Мегабеккерель на метр квадратный
9971,ТЫС. КИЕ/МЛ,Тысяча калликреиновых ингибирующих единиц на миллилитр
9990,ММОЛЬ/МЛ,Миллимоль на миллилитр
2316,МЛГР/Ч,Миллигрей в час
2352,МКЗВ/С,Микрозиверт в секунду
2351,ЗВ/Ч,Зиверт в час
2313,ГР/Ч,Грей в час
2354,МЛВЗ/Ч,Миллизиверт в час
3,ММ,Миллиметр
4,СМ,Сантиметр
6,М,Метр
8,КМ; ТЫС М,Километр; тысяча метров
9,МЕГАМ; МЛН М,Мегаметр; миллион метров
18,ПОГ М,Погонный метр
19,ТЫС ПОГ М,Тысяча погонных метров
20,УСЛ М,Условный метр
39,ДЮЙМ,"Дюйм (25,4 мм)"
41,ФУТ,"Фут (0,3048 м)"
43,ЯРД,"Ярд (0,9144 м)"
47,МИЛЬ,Морская миля (1852 м)
48,ТЫС УСЛ М,Тысяча условных метров
49,КМ УСЛ ТРУБ,Километр условных труб
50,ММ2,Квадратный миллиметр
51,СМ2,Квадратный сантиметр
53,ДМ2,Квадратный дециметр
54,ТЫС ДМ2,Тысяча квадратных дециметров
55,М2,Квадратный метр
56,МЛН ДМ2,Миллион квадратных дециметров
57,МЛН М2,Миллион квадратных метров
58,ТЫС М2,Тысяча квадратных метров
59,ГА,Гектар
60,ТЫС ГА,Тысяча гектаров
61,КМ2,Квадратный километр
62,УСЛ М2,Условный квадратный метр
63,ТЫС УСЛ М2,Тысяча условных квадратных метров
64,МЛН УСЛ М2,Миллион условных квадратных метров
71,ДЮЙМ2,"Квадратный дюйм (645,16 мм[2*])"
73,ФУТ2,"Квадратный фут (0,092903 м[2*])"
75,ЯРД2,"Квадратный ярд (0,8361274 м[2*])"
81,М2 ОБЩ ПЛ,Квадратный метр общей площади
82,ТЫС М2 ОБЩ ПЛ,Тысяча квадратных метров общей площади
83,МЛН М2. ОБЩ ПЛ,Миллион квадратных метров общей площади
84,М2 ЖИЛ ПЛ,Квадратный метр жилой площади
85,ТЫС М2 ЖИЛ ПЛ,Тысяча квадратных метров жилой площади
86,МЛН М2 ЖИЛ ПЛ,Миллион квадратных метров жилой площади
87,М2 УЧ.ЛАБ ЗДАН,Квадратный метр учебно-лабораторных зданий
88,ТЫС М2 УЧ. ЛАБ ЗДАН,Тысяча квадратных метров учебно-лабораторных зданий
89,МЛН М2 2ММ ИСЧ,Миллион квадратных метров в двухмиллиметровом исчислении
109,АР,Ар (100 м[2*])
110,ММ3,Кубический миллиметр
111,СМ3; МЛ,Кубический сантиметр; миллилитр
113,М3,Кубический метр
114,ТЫС М3,Тысяча кубических метров
115,МЛРД М3,Миллиард кубических метров
116,ДКЛ,Декалитр
118,ДЛ,Децилитр
119,ТЫС ДКЛ,Тысяча декалитров
120,МЛН ДКЛ,Миллион декалитров
121,ПЛОТН М3,Плотный кубический метр
122,ГЛ,Гектолитр
123,УСЛ М3,Условный кубический метр
124,ТЫС УСЛ М3,Тысяча условных кубических метров
125,МЛН М3 ПЕРЕРАБ ГАЗА,Миллион кубических метров переработки газа
126,МЕГАЛ,Мегалитр
127,ТЫС ПЛОТН М3,Тысяча плотных кубических метров
128,ТЫС ПОЛ Л,Тысяча полулитров
129,МЛН ПОЛ Л,Миллион полулитров
130,ТЫС Л,Тысяча литров; 1000 литров
131,ДЮЙМ3,"Кубический дюйм (16387,1 мм[3*])"
132,ФУТ3,"Кубический фут (0,02831685 м[3*])"
133,ЯРД3,"Кубический ярд (0,764555 м[3*])"
159,МЛН М3,Миллион кубических метров
160,ГГ,Гектограмм
161,МГ,Миллиграмм
162,КАР,Метрический карат
163,Г,Грамм
165,ТЫС КАР,Тысяча каратов метрических
166,КГ,Килограмм
167,МЛН КАР,Миллион каратов метрических
168,Т,Тонна; метрическая тонна (1000 кг)
169,ТЫС Т,Тысяча тонн
170,КТ,Килотонна
171,МЛН Т,Миллион тонн
172,Т УСЛ ТОПЛ,Тонна условного топлива
173,СГ,Сантиграмм
175,ТЫС Т УСЛ ТОПЛ,Тысяча тонн условного топлива
176,МЛН Т УСЛ ТОПЛ,Миллион тонн условного топлива
177,ТЫС Т ЕДИНОВР ХРАН,Тысяча тонн единовременного хранения
178,ТЫС Т ПЕРЕРАБ,Тысяча тонн переработки
179,УСЛ Т,Условная тонна
181,БРУТТ. РЕГИСТР Т,"Брутто-регистровая тонна (2,8316 м^3)"
185,Т ГРУЗОПОД,Грузоподъемность в метрических тоннах
206,Ц,Центнер (метрический) (100 кг); гектокилограмм; квинтал (метрический); децитонна
207,ТЫС Ц,Тысяча центнеров
212,ВТ,Ватт
214,КВТ,Киловатт
215,МЕГАВТ; ТЫС КВТ,Мегаватт; тысяча киловатт
222,В,Вольт
223,КВ,Киловольт
227,КВ.А,Киловольт-ампер
228,МЕГАВ.А,Мегавольт-ампер (тысяча киловольт-ампер)
230,КВАР,Киловар
231,М/Ч,Метр в час
348,ФС,Фемтосекунда
319,МКЗВ,Микрозиверт
2311,ГР/С,Грей в секунду
2315,МКГР/Ч,Микрогрей в час
2353,МКЗВ/Ч,Микрозиверт в час
6423,ПОС.ЕД,Посевная единица
232,ККАЛ,Килокалория
234,ТЫС ГИГАКАЛ,Тысяча гигакалорий
235,МЛН ГИГАКАЛ,Миллион гигакалорий
236,КАЛ/Ч,Калория в час
237,ККАЛ/Ч,Килокалория в час
238,ГИГАКАЛ/Ч,Гигакалория в час
239,ТЫС ГИГАКАЛ/Ч,Тысяча гигакалорий в час
241,МЛН А.Ч,Миллион ампер-часов
242,МЛН КВ.А,Миллион киловольт-ампер
243,ВТ.Ч,Ватт-час
245,КВТ.Ч,Киловатт-час
246,МЕГАВТ.Ч; ТЫС КВТ.Ч,Мегаватт-час; 1000 киловатт-часов
247,ГИГАВТ.Ч,Гигаватт-час (миллион киловатт-часов)
248,КВ.А Р,Киловольт-ампер реактивный
249,МЛРД КВТ.Ч,Миллиард киловатт-часов
250,ТЫС КВ.А Р,Тысяча киловольт-ампер реактивных
251,ЛС,Лошадиная сила
252,ТЫС ЛС,Тысяча лошадиных сил
253,МЛН ЛС,Миллион лошадиных сил
254,БИТ,Бит
255,БАЙТ,Байт
2553,ГБАЙТ,Гигабайт
2556,ЭБАЙТ,Эксабайт
2558,ЙБАЙТ,Йоттабайт
256,КБАЙТ,Килобайт
257,МБАЙТ,Мегабайт
258,БОД,Бод
260,А,Ампер
263,А.Ч,"Ампер-час (3,6 кКл)"
264,ТЫС А.Ч,Тысяча ампер-часов
270,КЛ,Кулон
271,ДЖ,Джоуль
273,КДЖ,Килоджоуль
274,ОМ,Ом
280,ГРАД ЦЕЛЬС,Градус Цельсия
281,ГРАД ФАРЕНГ,Градус Фаренгейта
282,КД,Кандела
283,ЛК,Люкс
284,ЛМ,Люмен
287,ГН,Генри
288,К,Кельвин
289,Н,Ньютон
290,ГЦ,Герц
291,КГЦ,Килогерц
292,МЕГАГЦ,Мегагерц
294,ПА,Паскаль
296,СИ,Сименс
297,КПА,Килопаскаль
298,МЕГАПА,Мегапаскаль
300,АТМ,Физическая атмосфера (101325 Па)
301,АТТ,"Техническая атмосфера (98066,5 Па)"
302,ГИГАБК,Гигабеккерель
304,МКИ,Милликюри
305,КИ,Кюри
306,Г ДЕЛЯЩ ИЗОТОП,Грамм делящихся изотопов
308,МБАР,Миллибар
309,БАР,Бар
310,ГБАР,Гектобар
312,КБАР,Килобар
313,ТЛ,Тесла
314,Ф,Фарад
316,КГ/М3,Килограмм на кубический метр
317,КГ/СМ2,Килограмм на квадратный сантиметр
323,БК,Беккерель
324,ВБ,Вебер
327,УЗ,Узел (миля/ч)
328,М/С,Метр в секунду
330,ОБ/С,Оборот в секунду
331,ОБ/МИН,Оборот в минуту
333,КМ/Ч,Километр в час
335,М/С2,Метр на секунду в квадрате
337,ММ ВОД СТ,Миллиметр водяного столба
338,ММ РТ СТ,Миллиметр ртутного столба
339,СМ ВОД СТ,Сантиметр водяного столба
349,КЛ/КГ,Кулон на килограмм
352,МКС,Микросекунда
353,МЛС,Миллисекунда
354,С,Секунда
355,МИН,Минута
356,Ч,Час
359,СУТ; ДН,Сутки
360,НЕД,Неделя
361,ДЕК,Декада
362,МЕС,Месяц
364,КВАРТ,Квартал
365,ПОЛГОД,Полугодие
366,ГОД; ЛЕТ,Год
368,ДЕСЛЕТ,Десятилетие
3831,РУБ ТОННА,Рубль тонна
384,ТЫС РУБ,Тысяча рублей
385,МЛН РУБ,Миллион рублей
386,МЛРД РУБ,Миллиард рублей
387,ТРИЛЛ РУБ,Триллион рублей
388,КВАДР РУБ,Квадрильон рублей
423,ТЫС ПАСС.КМ,Тысяча пассажиро-километров
424,МЛН ПАСС.КМ,Миллион пассажиро-километров
450,ТЫС Т.КМ,Тысяча тонно-километров
451,МЛН Т.КМ,Миллион тонно-километров
479,ТЫС НАБОР,Тысяча наборов
516,Т.ТАНИД,Тонно-танид
521,ЧЕЛ/М2,Человек на квадратный метр
522,ЧЕЛ/КМ2,Человек на квадратный километр
537,ТЫС Т/СЕЗ,Тысяча тонн в сезон
538,ТЫС Т/ГОД,Тысяча тонн в год
541,ТЫС ЧЕЛ.ДН,Тысяча человеко-дней
542,ТЫС ЧЕЛ.Ч,Тысяча человеко-часов
543,ТЫС УСЛ БАНК/СМЕН,Тысяча условных банок в смену
544,МЛН ЕД/ГОД,Миллион единиц в год
546,ТЫС ПОСЕЩ/ СМЕН,Тысяча посещений в смену
548,ТЫС ПАР/СМЕН,Тысяча пар в смену
550,МЛН Т/ГОД,Миллион тонн в год
553,ТЫС Т ПЕРЕРАБ/СУТ,Тысяча тонн переработки в сутки
555,ТЫС Ц ПЕРЕРАБ/СУТ,Тысяча центнеров переработки в сутки
556,ТЫС ГОЛ/ГОД,Тысяча голов в год
5562,ТЫС ГНЕЗД,Тысяча гнезд
557,МЛН ГОЛ/ГОД,Миллион голов в год
558,ТЫС ПТИЦЕМЕСТ,Тысяча птицемест
559,ТЫС КУР. НЕСУШ,Тысяча кур-несушек
561,ТЫС Т ПАР/Ч,Тысяча тонн пара в час
562,ТЫС ПРЯД ВЕРЕТ,Тысяча прядильных веретен
563,ТЫС ПРЯД МЕСТ,Тысяча прядильных мест
596,М3/С,Кубический метр в секунду
598,М3/Ч,Кубический метр в час
599,ТЫС М3/СУТ,Тысяча кубических метров в сутки
640,ТЫС ДОЗ,Тысяча доз
641,ДЮЖИНА,Дюжина (12 шт.)
643,ТЫС ЕД,Тысяча единиц
644,МЛН ЕД,Миллион единиц
673,ТЫС КОМПЛ,Тысяча комплектов
683,100 ЯЩ,Сто ящиков
699,ТЫС МЕСТ,Тысяча мест
709,ТЫС НОМ,Тысяча номеров
715,ПАР,Пара (2 шт.)
724,ТЫС ГА ПОРЦ,Тысяча гектаров порций
729,ТЫС ПАЧ,Тысяча пачек
751,ТЫС РУЛ,Тысяча рулонов
761,ТЫС СТАН,Тысяча станов
775,ТЫС ТЮБИК,Тысяча тюбиков
776,ТЫС УСЛ ТУБ,Тысяча условных тубов
779,МЛН УПАК,Миллион упаковок
782,ТЫС УПАК,Тысяча упаковок
793,ТЫС ЧЕЛ,Тысяча человек
794,МЛН ЧЕЛ,Миллион человек
796,ШТ,Штука
798,ТЫС ШТ,Тысяча штук
799,МЛН ШТ,Миллион штук
800,МЛРД ШТ,Миллиард штук
801,БИЛЛ ШТ (ЕВР); ТРИЛЛ ШТ,Биллион штук (Европа); триллион штук
802,КВИНТ ШТ,Квинтильон штук (Европа)
808,МЛН ЭКЗ,Миллион экземпляров
831,Л ЧИСТ СПИРТ,Литр чистого (100%) спирта
833,ГЛ ЧИСТ СПИРТ,Гектолитр чистого (100%) спирта
837,ТЫС ПАР,Тысяча пар
838,МЛН ПАР,Миллион пар
841,КГ ПЕРОКСИД ВОДОРОДА,Килограмм пероксида водорода
845,КГ 90 ПРОЦ СУХ ВЕЩ,Килограмм 90%-го сухого вещества
847,Т 90 ПРОЦ СУХ ВЕЩ,Тонна 90%-го сухого вещества
852,КГ ОКСИД КАЛИЯ,Килограмм оксида калия
859,КГ ГИДРОКСИД КАЛИЯ,Килограмм гидроксида калия
863,КГ ГИДРОКСИД НАТРИЯ,Килограмм гидроксида натрия
865,КГ ПЯТИОКИСЬ ФОСФОРА,Килограмм пятиокиси фосфора
869,ТЫС БУТ,Тысяча бутылок
871,ТЫС АМПУЛ,Тысяча ампул
873,ТЫС ФЛАК,Тысяча флаконов
874,ТЫС ТУБ,Тысяча тубов
875,ТЫС КОР,Тысяча коробок
877,ТЫС УСЛ ЕД,Тысяча условных единиц
878,МЛН УСЛ ЕД,Миллион условных единиц
880,ТЫС УСЛ ШТ,Тысяча условных штук
882,ТЫС УСЛ БАНК,Тысяча условных банок
883,МЛН УСЛ БАНК,Миллион условных банок
885,ТЫС УСЛ КУС,Тысяча условных кусков
886,МЛН УСЛ КУС,Миллион условных кусков
888,ТЫС УСЛ ЯЩ,Тысяча условных ящиков
890,ТЫС УСЛ КАТ,Тысяча условных катушек
892,ТЫС УСЛ ПЛИТ,Тысяча условных плиток
894,ТЫС УСЛ КИРП,Тысяча условных кирпичей
895,МЛН УСЛ КИРП,Миллион условных кирпичей
897,ТЫС СЕМЕЙ,Тысяча семей
898,МЛН СЕМЕЙ,Миллион семей
900,ТЫС ДОМХОЗ,Тысяча домохозяйств
901,МЛН ДОМХОЗ,Миллион домохозяйств
902,УЧЕН МЕСТ,Ученическое место
903,ТЫС УЧЕН МЕСТ,Тысяча ученических мест
905,ТЫС РАБ МЕСТ,Тысяча рабочих мест
907,ТЫС ПОСАД МЕСТ,Тысяча посадочных мест
910,ТЫС КВАРТ,Тысяча квартир
9111,КОЙК ДН,Койко-день
9113,ПАЦИЕНТ ДН,Пациенто-день
912,ТЫС КОЕК,Тысяча коек
914,ТЫС ТОМ КНИЖН ФОНД,Тысяча томов книжного фонда
930,ТЫС ПЛАСТ,Тысяча пластин
937,МЛН ДОЗ,Миллион доз
949,МЛН ЛИСТ.ОТТИСК,Миллион листов-оттисков
951,ТЫС ВАГ (МАШ).Ч,Тысяча вагоно-(машино)-часов
952,ТЫС ВАГ (МАШ).КМ,Тысяча вагоно-(машино)-километров
953,ТЫС МЕСТ.КМ,Тысяча место-километров
955,ТЫС ПОЕЗД.Ч,Тысяча поездо-часов
956,ТЫС ПОЕЗД.КМ,Тысяча поездо-километров
957,ТЫС Т.МИЛЬ,Тысяча тонно-миль
958,ТЫС ПАСС.МИЛЬ,Тысяча пассажиро-миль
960,ТЫС АВТОМОБ.Т.ДН,Тысяча автомобиле-тонно-дней
961,ТЫС АВТОМОБ.Ч,Тысяча автомобиле-часов
962,ТЫС АВТОМОБ.МЕСТ. ДН,Тысяча автомобиле-место-дней
963,ПРИВЕД.Ч,Приведенный час
964,САМОЛЕТ.КМ,Самолето-километр
965,ТЫС КМ,Тысяча километров
966,ТЫС ТОННАЖ. РЕЙС,Тысяча тоннаже-рейсов
967,МЛН Т. МИЛЬ,Миллион тонно-миль
968,МЛН ПАСС. МИЛЬ,Миллион пассажиро-миль
969,МЛН ТОННАЖ. МИЛЬ,Миллион тоннаже-миль
970,МЛН ПАСС. МЕСТ. МИЛЬ,Миллион пассажиро-место-миль
971,КОРМ. ДН,Кормо-день
972,Ц КОРМ ЕД,Центнер кормовых единиц
973,ТЫС АВТОМОБ. КМ,Тысяча автомобиле-километров
974,ТЫС ТОННАЖ. СУТ,Тысяча тоннаже-сут
975,СУГО. СУТ,Суго-сутки
976,ШТ В 20 ФУТ ЭКВИВ,Штук в 20-футовом эквиваленте (ДФЭ)
977,КАНАЛ. КМ,Канало-километр
978,КАНАЛ. КОНЦ,Канало-концы
979,ТЫС ЭКЗ,Тысяча экземпляров
980,ТЫС ДОЛЛАР,Тысяча долларов
9803,МЛРД ДОЛЛАР,Миллиард долларов
981,ТЫС Т КОРМ ЕД,Тысяча тонн кормовых единиц
982,МЛН Т КОРМ ЕД,Миллион тонн кормовых единиц
985,ТЫС ГОЛ,Тысяча голов
986,ТЫС КРАСК ОТТИСК,Тысяча краско-оттисков
988,МЛН УСЛ ПЛИТ,Миллион условных плиток
2314,МКГР/С,Микрогрей в секунду
